{
	"credit": "Made with Blockbench",
	"parent": "minecraft:item/handheld",
	"textures": {
		"layer0": "item/mace"
	},
	"display": {
		"thirdperson_righthand": {
			"rotation": [-9, 90, 58],
			"translation": [0, 4, 2]
		},
		"thirdperson_lefthand": {
			"rotation": [-3, 90, -43],
			"translation": [0.25, 4, 2]
		},
		"firstperson_righthand": {
			"rotation": [0, 97, 50],
			"translation": [0, 4.75, 0],
			"scale": [0.5, 0.5, 0.5]
		},
		"firstperson_lefthand": {
			"rotation": [0, 79, -42],
			"translation": [0, 5, 0],
			"scale": [0.5, 0.5, 0.5]
		},
		"ground": {
			"translation": [0, 2, 0],
			"scale": [2, 2, 2]
		},
		"fixed": {
			"scale": [1.6, 1.6, 1.6]
		}
	}
}